P0DTD1	6	6	#ff0000	L->P
P0DTD1	8	8	#ff0000	V->F
P0DTD1	38	38	#ff0000	A->V
P0DTD1	44	44	#ff0000	E->Q
P0DTD1	48	48	#ff0000	N->D
P0DTD1	56	56	#ff0000	L->V
P0DTD1	77	77	#ff0000	L->R
P0DTD1	78	78	#ff0000	S->T
P0DTD1	79	79	#ff0000	T->A
P0DTD1	80	80	#ff0000	N->P
P0DTD1	84	84	#ff0000	K->V
P0DTD1	85	85	#ff0000	V->M
P0DTD1	92	92	#ff0000	M->L
P0DTD1	93	93	#ff0000	D->E
P0DTD1	102	102	#ff0000	I->E
P0DTD1	114	114	#ff0000	T->I
P0DTD1	116	116	#ff0000	I->V
P0DTD1	120	120	#ff0000	N->K
P0DTD1	138	138	#ff0000	I->A
P0DTD1	143	143	#ff0000	Y->F
P0DTD1	154	154	#ff0000	I->Y
P0DTD1	157	157	#ff0000	Y->F
P0DTD1	158	158	#ff0000	E->Q
P0DTD1	159	159	#ff0000	Q->E
P0DTD1	166	166	#ff0000	G->S
P0DTD1	169	169	#ff0000	A->V
P0DTD1	170	170	#ff0000	L->T
P0DTD1	174	174	#ff0000	T->M
P0DTD1	182	182	#ff0000	V->Y
P0DTD1	199	199	#ff0000	D->E
P0DTD1	204	204	#ff0000	F->L
P0DTD1	211	211	#ff0000	S->A
P0DTD1	212	212	#ff0000	M->S
P0DTD1	221	221	#ff0000	Y->F
P0DTD1	223	223	#ff0000	E->D
P0DTD1	224	224	#ff0000	S->T
P0DTD1	233	233	#ff0000	D->E
P0DTD1	241	241	#ff0000	F->Y
P0DTD1	246	246	#ff0000	D->E
P0DTD1	251	251	#ff0000	H->L
P0DTD1	259	259	#ff0000	S->L
P0DTD1	267	267	#ff0000	K->N
P0DTD1	272	272	#ff0000	K->N
P0DTD1	280	280	#ff0000	K->I
P0DTD1	281	281	#ff0000	V->I
P0DTD1	283	283	#ff0000	V->T
P0DTD1	293	293	#ff0000	T->L
P0DTD1	294	294	#ff0000	E->D
P0DTD1	310	310	#ff0000	Q->N
P0DTD1	314	314	#ff0000	N->Q
P0DTD1	316	316	#ff0000	H->C
P0DTD1	324	324	#ff0000	N->D
P0DTD1	327	327	#ff0000	D->G
P0DTD1	329	329	#ff0000	V->T
P0DTD1	334	334	#ff0000	C->G
P0DTD1	337	337	#ff0000	L->V
P0DTD1	343	343	#ff0000	H->F
P0DTD1	350	350	#ff0000	V->T
P0DTD1	351	351	#ff0000	I->K
P0DTD1	354	354	#ff0000	P->A
P0DTD1	362	362	#ff0000	T->Q
P0DTD1	368	368	#ff0000	M->I
P0DTD1	369	369	#ff0000	P->Y
P0DTD1	374	374	#ff0000	Q->H
P0DTD1	375	375	#ff0000	D->N
P0DTD1	376	376	#ff0000	P->S
P0DTD1	378	378	#ff0000	I->V
P0DTD1	384	384	#ff0000	V->L
P0DTD1	386	386	#ff0000	D->E
P0DTD1	390	390	#ff0000	H->E
P0DTD1	392	392	#ff0000	N->G
P0DTD1	393	393	#ff0000	I->L
P0DTD1	394	394	#ff0000	E->K
P0DTD1	396	396	#ff0000	R->I
P0DTD1	404	404	#ff0000	R->I
P0DTD1	405	405	#ff0000	C->A
P0DTD1	412	412	#ff0000	A->S
P0DTD1	417	417	#ff0000	Y->H
P0DTD1	420	420	#ff0000	R->C
P0DTD1	430	430	#ff0000	D->N
P0DTD1	433	433	#ff0000	S->C
P0DTD1	434	434	#ff0000	G->N
P0DTD1	438	438	#ff0000	I->V
P0DTD1	439	439	#ff0000	T->V
P0DTD1	441	441	#ff0000	D->E
P0DTD1	442	442	#ff0000	N->G
P0DTD1	443	443	#ff0000	V->S
P0DTD1	445	445	#ff0000	T->G
P0DTD1	448	448	#ff0000	E->D
P0DTD1	449	449	#ff0000	D->N
P0DTD1	455	455	#ff0000	S->Q
P0DTD1	456	456	#ff0000	R->K
P0DTD1	458	458	#ff0000	R->K
P0DTD1	468	468	#ff0000	H->K
P0DTD1	473	473	#ff0000	V->I
P0DTD1	488	488	#ff0000	I->V
P0DTD1	489	489	#ff0000	D->E
P0DTD1	491	491	#ff0000	I->V
P0DTD1	493	493	#ff0000	S->G
P0DTD1	498	498	#ff0000	S->A
P0DTD1	501	501	#ff0000	T->Q
P0DTD1	509	509	#ff0000	Y->F
P0DTD1	516	516	#ff0000	P->A
P0DTD1	517	517	#ff0000	V->K
P0DTD1	525	525	#ff0000	Q->E
P0DTD1	527	527	#ff0000	R->K
P0DTD1	529	529	#ff0000	V->I
P0DTD1	531	531	#ff0000	T->S
P0DTD1	534	534	#ff0000	C->Y
P0DTD1	535	535	#ff0000	G->A
P0DTD1	537	537	#ff0000	P->A
P0DTD1	539	539	#ff0000	Q->E
P0DTD1	542	542	#ff0000	G->R
P0DTD1	544	544	#ff0000	I->V
P0DTD1	549	549	#ff0000	A->S
P0DTD1	553	553	#ff0000	D->E
P0DTD1	554	554	#ff0000	A->T
P0DTD1	556	556	#ff0000	N->Q
P0DTD1	557	557	#ff0000	H->N
P0DTD1	559	559	#ff0000	I->V
P0DTD1	560	560	#ff0000	P->R
P0DTD1	561	561	#ff0000	D->V
P0DTD1	564	564	#ff0000	R->K
P0DTD1	567	567	#ff0000	V->I
P0DTD1	575	575	#ff0000	E->Q
P0DTD1	576	576	#ff0000	Q->Y
P0DTD1	581	581	#ff0000	V->I
P0DTD1	585	585	#ff0000	V->M
P0DTD1	586	586	#ff0000	Y->F
P0DTD1	591	591	#ff0000	L->A
P0DTD1	594	594	#ff0000	S->N
P0DTD1	595	595	#ff0000	V->L
P0DTD1	596	596	#ff0000	I->V
P0DTD1	597	597	#ff0000	I->V
P0DTD1	601	601	#ff0000	V->I
P0DTD1	605	605	#ff0000	L->V
P0DTD1	608	608	#ff0000	Q->L
P0DTD1	614	614	#ff0000	S->T
P0DTD1	616	616	#ff0000	L->I
P0DTD1	617	617	#ff0000	L->F
P0DTD1	620	620	#ff0000	T->V
P0DTD1	621	621	#ff0000	V->Y
P0DTD1	625	625	#ff0000	R->K
P0DTD1	627	627	#ff0000	I->V
P0DTD1	628	628	#ff0000	F->L
P0DTD1	629	629	#ff0000	E->D
P0DTD1	631	631	#ff0000	I->L
P0DTD1	633	633	#ff0000	A->E
P0DTD1	635	635	#ff0000	L->F
P0DTD1	636	636	#ff0000	S->K
P0DTD1	637	637	#ff0000	A->E
P0DTD1	643	643	#ff0000	K->R
P0DTD1	645	645	#ff0000	A->G
P0DTD1	649	649	#ff0000	L->V
P0DTD1	652	652	#ff0000	L->I
P0DTD1	653	653	#ff0000	I->S
P0DTD1	655	655	#ff0000	G->C
P0DTD1	656	656	#ff0000	V->A
P0DTD1	657	657	#ff0000	F->C
P0DTD1	658	658	#ff0000	D->E
P0DTD1	661	661	#ff0000	K->G
P0DTD1	665	665	#ff0000	Q->V
P0DTD1	666	666	#ff0000	V->T
P0DTD1	667	667	#ff0000	A->C
P0DTD1	668	668	#ff0000	S->A
P0DTD1	669	669	#ff0000	D->K
P0DTD1	670	670	#ff0000	N->E
P0DTD1	673	673	#ff0000	D->E
P0DTD1	674	674	#ff0000	C->S
P0DTD1	676	676	#ff0000	K->Q
P0DTD1	677	677	#ff0000	C->T
P0DTD1	679	679	#ff0000	I->F
P0DTD1	680	680	#ff0000	D->K
P0DTD1	681	681	#ff0000	V->L
P0DTD1	685	685	#ff0000	A->F
P0DTD1	687	687	#ff0000	E->A
P0DTD1	688	688	#ff0000	M->L
P0DTD1	690	690	#ff0000	I->A
P0DTD1	692	692	#ff0000	Q->S
P0DTD1	693	693	#ff0000	V->I
P0DTD1	694	694	#ff0000	T->I
P0DTD1	696	696	#ff0000	A->G
P0DTD1	701	701	#ff0000	R->K
P0DTD1	702	702	#ff0000	S->A
P0DTD1	708	708	#ff0000	V->T
P0DTD1	710	710	#ff0000	I->V
P0DTD1	711	711	#ff0000	A->T
P0DTD1	712	712	#ff0000	Q->H
P0DTD1	719	719	#ff0000	Q->K
P0DTD1	721	721	#ff0000	I->V
P0DTD1	722	722	#ff0000	R->K
P0DTD1	723	723	#ff0000	G->S
P0DTD1	724	724	#ff0000	K->R
P0DTD1	726	726	#ff0000	Q->E
P0DTD1	727	727	#ff0000	L->T
P0DTD1	728	728	#ff0000	Q->G
P0DTD1	739	739	#ff0000	V->I
P0DTD1	740	740	#ff0000	T->I
P0DTD1	745	745	#ff0000	D->E
P0DTD1	746	746	#ff0000	S->T
P0DTD1	747	747	#ff0000	H->L
P0DTD1	748	748	#ff0000	D->P
P0DTD1	760	760	#ff0000	N->T
P0DTD1	762	762	#ff0000	E->D
P0DTD1	764	764	#ff0000	E->Q
P0DTD1	765	765	#ff0000	A->P
P0DTD1	768	768	#ff0000	T->Q
P0DTD1	770	770	#ff0000	V->T
P0DTD1	771	771	#ff0000	D->S
P0DTD1	772	772	#ff0000	S->E
P0DTD1	773	773	#ff0000	F->A
P0DTD1	774	774	#ff0000	T->V
P0DTD1	775	775	#ff0000	N->E
P0DTD1	776	776	#ff0000	G->A
P0DTD1	777	777	#ff0000	A->P
P0DTD1	778	778	#ff0000	I->L
P0DTD1	785	785	#ff0000	V->I
P0DTD1	796	796	#ff0000	K->T
P0DTD1	798	798	#ff0000	Q->K
P0DTD1	803	803	#ff0000	S->A
P0DTD1	805	805	#ff0000	G->N
P0DTD1	806	806	#ff0000	L->M
P0DTD1	807	807	#ff0000	L->M
P0DTD1	808	808	#ff0000	A->V
P0DTD1	812	812	#ff0000	V->T
P0DTD1	814	814	#ff0000	R->T
P0DTD1	821	821	#ff0000	I->T
P0DTD1	827	827	#ff0000	E->D
P0DTD1	831	831	#ff0000	W->I
P0DTD1	838	838	#ff0000	N->S
P0DTD1	840	840	#ff0000	R->N
P0DTD1	849	849	#ff0000	V->I
P0DTD1	859	859	#ff0000	V->A
P0DTD1	864	864	#ff0000	S->L
P0DTD1	869	869	#ff0000	T->N
P0DTD1	877	877	#ff0000	E->D
P0DTD1	880	880	#ff0000	V->I
P0DTD1	888	888	#ff0000	D->E
P0DTD1	892	892	#ff0000	N->P
P0DTD1	893	893	#ff0000	M->L
P0DTD1	902	902	#ff0000	V->M
P0DTD1	905	905	#ff0000	F->Y
P0DTD1	910	910	#ff0000	D->E
P0DTD1	911	911	#ff0000	A->S
P0DTD1	914	914	#ff0000	E->F
P0DTD1	915	915	#ff0000	N->K
P0DTD1	916	916	#ff0000	F->L
P0DTD1	917	917	#ff0000	S->A
P0DTD1	919	919	#ff0000	R->H
P0DTD1	930	930	#ff0000	E->D
P0DTD1	933	933	#ff0000	D->E
P0DTD1	934	934	#ff0000	A->G
P0DTD1	935	935	#ff0000	E->D
P0DTD1	941	941	#ff0000	I->F
P0DTD1	942	942	#ff0000	D->E
P0DTD1	943	943	#ff0000	E->P
P0DTD1	944	944	#ff0000	T->S
P0DTD1	945	945	#ff0000	C->T
P0DTD1	946	946	#ff0000	E->Q
P0DTD1	947	947	#ff0000	H->Y
P0DTD1	958	958	#ff0000	L->K
P0DTD1	965	965	#ff0000	S->T
P0DTD1	966	966	#ff0000	A->S
P0DTD1	967	967	#ff0000	E->A
P0DTD1	968	968	#ff0000	T->A
P0DTD1	969	969	#ff0000	V->L
P0DTD1	970	970	#ff0000	R->Q
P0DTD1	971	971	#ff0000	V->P
P0DTD1	975	975	#ff0000	E->Q
P0DTD1	983	983	#ff0000	T->D
P0DTD1	984	984	#ff0000	T->S
P0DTD1	985	985	#ff0000	E->Q
P0DTD1	1008	1008	#ff0000	I->V
P0DTD1	1009	1009	#ff0000	E->Q
P0DTD1	1014	1014	#ff0000	P->M
P0DTD1	1016	1016	#ff0000	P->L
P0DTD1	1021	1021	#ff0000	E->Q
P0DTD1	1022	1022	#ff0000	E->T
P0DTD1	1024	1024	#ff0000	P->E
P0DTD1	1027	1027	#ff0000	Q->S
P0DTD1	1029	1029	#ff0000	T->S
P0DTD1	1039	1039	#ff0000	A->Y
P0DTD1	1042	1042	#ff0000	C->N
P0DTD1	1043	1043	#ff0000	V->A
P0DTD1	1047	1047	#ff0000	K->E
P0DTD1	1050	1050	#ff0000	Q->K
P0DTD1	1051	1051	#ff0000	S->K
P0DTD1	1052	1052	#ff0000	A->V
P0DTD1	1053	1053	#ff0000	N->K
P0DTD1	1055	1055	#ff0000	M->T
P0DTD1	1057	1057	#ff0000	I->V
P0DTD1	1063	1063	#ff0000	I->V
P0DTD1	1064	1064	#ff0000	H->Y
P0DTD1	1081	1081	#ff0000	G->N
P0DTD1	1085	1085	#ff0000	K->V
P0DTD1	1092	1092	#ff0000	K->A
P0DTD1	1093	1093	#ff0000	L->T
P0DTD1	1098	1098	#ff0000	T->K
P0DTD1	1104	1104	#ff0000	L->V
P0DTD1	1113	1113	#ff0000	K->H
P0DTD1	1122	1122	#ff0000	L->V
P0DTD1	1124	1124	#ff0000	A->K
P0DTD1	1133	1133	#ff0000	A->S
P0DTD1	1140	1140	#ff0000	S->Q
P0DTD1	1141	1141	#ff0000	Q->H
P0DTD1	1142	1142	#ff0000	D->E
P0DTD1	1143	1143	#ff0000	I->V
P0DTD1	1157	1157	#ff0000	K->D
P0DTD1	1159	1159	#ff0000	L->I
P0DTD1	1160	1160	#ff0000	Q->H
P0DTD1	1163	1163	#ff0000	Q->R
P0DTD1	1167	1167	#ff0000	Q->D
P0DTD1	1172	1172	#ff0000	Q->N
P0DTD1	1175	1175	#ff0000	I->L
P0DTD1	1178	1178	#ff0000	N->F
P0DTD1	1181	1181	#ff0000	A->N
P0DTD1	1184	1184	#ff0000	E->D
P0DTD1	1185	1185	#ff0000	Q->K
P0DTD1	1186	1186	#ff0000	V->L
P0DTD1	1188	1188	#ff0000	M->S
P0DTD1	1189	1189	#ff0000	D->S
P0DTD1	1190	1190	#ff0000	Y->F
P0DTD1	1192	1192	#ff0000	D->E
P0DTD1	1193	1193	#ff0000	L->M
P0DTD1	1197	1197	#ff0000	P->K
P0DTD1	1198	1198	#ff0000	R->Q
P0DTD1	1209	1209	#ff0000	Q->E
P0DTD1	1211	1211	#ff0000	E->V
P0DTD1	1212	1212	#ff0000	P->K
P0DTD1	1214	1214	#ff0000	N->F
P0DTD1	1215	1215	#ff0000	T->I
P0DTD1	1216	1216	#ff0000	E->T
P0DTD1	1217	1217	#ff0000	D->E
P0DTD1	1220	1220	#ff0000	K->P
P0DTD1	1223	1223	#ff0000	V->E
P0DTD1	1225	1225	#ff0000	K->R
P0DTD1	1226	1226	#ff0000	P->K
P0DTD1	1227	1227	#ff0000	V->Q
P0DTD1	1229	1229	#ff0000	V->D
P0DTD1	1236	1236	#ff0000	I->V
P0DTD1	1237	1237	#ff0000	D->E
P0DTD1	1251	1251	#ff0000	N->E
P0DTD1	1252	1252	#ff0000	K->N
P0DTD1	1256	1256	#ff0000	F->Y
P0DTD1	1257	1257	#ff0000	A->I
P0DTD1	1262	1262	#ff0000	K->N
P0DTD1	1264	1264	#ff0000	Y->H
P0DTD1	1265	1265	#ff0000	H->P
P0DTD1	1268	1268	#ff0000	Q->A
P0DTD1	1269	1269	#ff0000	N->T
P0DTD1	1270	1270	#ff0000	M->L
P0DTD1	1271	1271	#ff0000	L->V
P0DTD1	1272	1272	#ff0000	R->S
P0DTD1	1273	1273	#ff0000	G->D
P0DTD1	1274	1274	#ff0000	E->I
P0DTD1	1276	1276	#ff0000	M->I
P0DTD1	1277	1277	#ff0000	S->T
P0DTD1	1280	1280	#ff0000	E->K
P0DTD1	1286	1286	#ff0000	M->I
P0DTD1	1291	1291	#ff0000	I->V
P0DTD1	1292	1292	#ff0000	T->Q
P0DTD1	1293	1293	#ff0000	S->E
P0DTD1	1295	1295	#ff0000	D->V
P0DTD1	1296	1296	#ff0000	I->L
P0DTD1	1298	1298	#ff0000	C->A
P0DTD1	1303	1303	#ff0000	S->T
P0DTD1	1314	1314	#ff0000	S->A
P0DTD1	1315	1315	#ff0000	R->K
P0DTD1	1318	1318	#ff0000	K->R
P0DTD1	1322	1322	#ff0000	V->T
P0DTD1	1324	1324	#ff0000	E->N
P0DTD1	1334	1334	#ff0000	C->L
P0DTD1	1335	1335	#ff0000	A->N
P0DTD1	1339	1339	#ff0000	L->V
P0DTD1	1345	1345	#ff0000	A->V
P0DTD1	1355	1355	#ff0000	V->I
P0DTD1	1359	1359	#ff0000	E->I
P0DTD1	1360	1360	#ff0000	A->I
P0DTD1	1361	1361	#ff0000	P->S
P0DTD1	1363	1363	#ff0000	A->E
P0DTD1	1365	1365	#ff0000	E->Q
P0DTD1	1391	1391	#ff0000	I->V
P0DTD1	1393	1393	#ff0000	M->V
P0DTD1	1394	1394	#ff0000	D->E
P0DTD1	1395	1395	#ff0000	V->T
P0DTD1	1396	1396	#ff0000	R->K
P0DTD1	1399	1399	#ff0000	M->V
P0DTD1	1400	1400	#ff0000	A->S
P0DTD1	1415	1415	#ff0000	I->V
P0DTD1	1420	1420	#ff0000	V->A
P0DTD1	1423	1423	#ff0000	F->Y
P0DTD1	1429	1429	#ff0000	E->T
P0DTD1	1430	1430	#ff0000	P->T
P0DTD1	1434	1434	#ff0000	I->L
P0DTD1	1436	1436	#ff0000	T->N
P0DTD1	1437	1437	#ff0000	K->T
P0DTD1	1440	1440	#ff0000	S->D
P0DTD1	1444	1444	#ff0000	P->T
P0DTD1	1450	1450	#ff0000	I->L
P0DTD1	1457	1457	#ff0000	F->L
P0DTD1	1465	1465	#ff0000	C->Y
P0DTD1	1471	1471	#ff0000	A->V
P0DTD1	1474	1474	#ff0000	V->T
P0DTD1	1485	1485	#ff0000	T->A
P0DTD1	1497	1497	#ff0000	S->P
P0DTD1	1502	1502	#ff0000	V->I
P0DTD1	1505	1505	#ff0000	V->I
P0DTD1	1512	1512	#ff0000	R->K
P0DTD1	1520	1520	#ff0000	R->S
P0DTD1	1522	1522	#ff0000	E->Q
P0DTD1	1525	1525	#ff0000	V->I
P0DTD1	1534	1534	#ff0000	I->S
P0DTD1	1537	1537	#ff0000	H->Y
P0DTD1	1539	1539	#ff0000	E->S
P0DTD1	1540	1540	#ff0000	S->N
P0DTD1	1542	1542	#ff0000	V->T
P0DTD1	1543	1543	#ff0000	E->T
P0DTD1	1551	1551	#ff0000	L->I
P0DTD1	1552	1552	#ff0000	S->T
P0DTD1	1553	1553	#ff0000	L->F
P0DTD1	1555	1555	#ff0000	K->N
P0DTD1	1558	1558	#ff0000	S->T
P0DTD1	1566	1566	#ff0000	K->R
P0DTD1	1577	1577	#ff0000	T->I
P0DTD1	1583	1583	#ff0000	L->V
P0DTD1	1611	1611	#ff0000	V->N
P0DTD1	1612	1612	#ff0000	N->S
P0DTD1	1619	1619	#ff0000	F->Y
P0DTD1	1623	1623	#ff0000	S->N
P0DTD1	1629	1629	#ff0000	S->V
P0DTD1	1638	1638	#ff0000	L->T
P0DTD1	1640	1640	#ff0000	E->P
P0DTD1	1658	1658	#ff0000	F->Y
P0DTD1	1662	1662	#ff0000	G->N
P0DTD1	1677	1677	#ff0000	S->A
P0DTD1	1678	1678	#ff0000	S->T
P0DTD1	1679	1679	#ff0000	V->A
P0DTD1	1682	1682	#ff0000	A->T
P0DTD1	1686	1686	#ff0000	L->I
P0DTD1	1688	1688	#ff0000	V->L
P0DTD1	1692	1692	#ff0000	A->P
P0DTD1	1697	1697	#ff0000	E->D
P0DTD1	1706	1706	#ff0000	D->E
P0DTD1	1718	1718	#ff0000	S->C
P0DTD1	1733	1733	#ff0000	T->S
P0DTD1	1734	1734	#ff0000	H->Y
P0DTD1	1736	1736	#ff0000	L->F
P0DTD1	1742	1742	#ff0000	E->D
P0DTD1	1744	1744	#ff0000	A->C
P0DTD1	1754	1754	#ff0000	H->T
P0DTD1	1758	1758	#ff0000	K->Q
P0DTD1	1759	1759	#ff0000	T->Q
P0DTD1	1763	1763	#ff0000	T->K
P0DTD1	1777	1777	#ff0000	D->E
P0DTD1	1778	1778	#ff0000	N->Q
P0DTD1	1779	1779	#ff0000	L->F
P0DTD1	1781	1781	#ff0000	T->K
P0DTD1	1784	1784	#ff0000	S->Q
P0DTD1	1788	1788	#ff0000	V->T
P0DTD1	1791	1791	#ff0000	R->K
P0DTD1	1792	1792	#ff0000	D->Q
P0DTD1	1795	1795	#ff0000	Q->K
P0DTD1	1803	1803	#ff0000	S->P
P0DTD1	1813	1813	#ff0000	E->Q
P0DTD1	1815	1815	#ff0000	K->E
P0DTD1	1817	1817	#ff0000	Q->K
P0DTD1	1818	1818	#ff0000	Q->H
P0DTD1	1822	1822	#ff0000	L->T
P0DTD1	1825	1825	#ff0000	N->S
P0DTD1	1837	1837	#ff0000	T->K
P0DTD1	1841	1841	#ff0000	A->S
P0DTD1	1847	1847	#ff0000	R->C
P0DTD1	1852	1852	#ff0000	H->L
P0DTD1	1856	1856	#ff0000	M->S
P0DTD1	1863	1863	#ff0000	V->I
P0DTD1	1871	1871	#ff0000	T->N
P0DTD1	1881	1881	#ff0000	S->T
P0DTD1	1888	1888	#ff0000	T->V
P0DTD1	1889	1889	#ff0000	Y->C
P0DTD1	1893	1893	#ff0000	E->D
P0DTD1	1898	1898	#ff0000	G->N
P0DTD1	1905	1905	#ff0000	A->S
P0DTD1	1907	1907	#ff0000	Y->F
P0DTD1	1917	1917	#ff0000	T->N
P0DTD1	1920	1920	#ff0000	L->Y
P0DTD1	1930	1930	#ff0000	L->F
P0DTD1	1931	1931	#ff0000	T->V
P0DTD1	1933	1933	#ff0000	S->D
P0DTD1	1935	1935	#ff0000	T->I
P0DTD1	1944	1944	#ff0000	M->L
P0DTD1	1947	1947	#ff0000	F->Y
P0DTD1	1948	1948	#ff0000	T->K
P0DTD1	1956	1956	#ff0000	S->K
P0DTD1	1973	1973	#ff0000	R->K
P0DTD1	1976	1976	#ff0000	S->T
P0DTD1	1977	1977	#ff0000	A->P
P0DTD1	1994	1994	#ff0000	I->V
P0DTD1	1996	1996	#ff0000	Q->N
P0DTD1	1999	1999	#ff0000	T->N
P0DTD1	2001	2001	#ff0000	T->A
P0DTD1	2003	2003	#ff0000	F->Y
P0DTD1	2010	2010	#ff0000	L->I
P0DTD1	2020	2020	#ff0000	D->E
P0DTD1	2026	2026	#ff0000	E->D
P0DTD1	2029	2029	#ff0000	A->K
P0DTD1	2030	2030	#ff0000	V->S
P0DTD1	2033	2033	#ff0000	T->A
P0DTD1	2043	2043	#ff0000	S->D
P0DTD1	2044	2044	#ff0000	Q->L
P0DTD1	2045	2045	#ff0000	Q->K
P0DTD1	2047	2047	#ff0000	T->V
P0DTD1	2060	2060	#ff0000	E->D
P0DTD1	2062	2062	#ff0000	I->L
P0DTD1	2065	2065	#ff0000	D->N
P0DTD1	2074	2074	#ff0000	N->D
P0DTD1	2075	2075	#ff0000	V->I
P0DTD1	2080	2080	#ff0000	S->A
P0DTD1	2081	2081	#ff0000	D->N
P0DTD1	2082	2082	#ff0000	E->N
P0DTD1	2083	2083	#ff0000	G->S
P0DTD1	2084	2084	#ff0000	V->L
P0DTD1	2086	2086	#ff0000	V->I
P0DTD1	2088	2088	#ff0000	Q->E
P0DTD1	2090	2090	#ff0000	L->V
P0DTD1	2093	2093	#ff0000	E->T
P0DTD1	2101	2101	#ff0000	E->D
P0DTD1	2103	2103	#ff0000	T->S
P0DTD1	2105	2105	#ff0000	I->L
P0DTD1	2115	2115	#ff0000	L->R
P0DTD1	2116	2116	#ff0000	A->V
P0DTD1	2122	2122	#ff0000	I->L
P0DTD1	2127	2127	#ff0000	I->L
P0DTD1	2130	2130	#ff0000	I->V
P0DTD1	2136	2136	#ff0000	S->D
P0DTD1	2137	2137	#ff0000	K->T
P0DTD1	2139	2139	#ff0000	L->A
P0DTD1	2140	2140	#ff0000	A->N
P0DTD1	2142	2142	#ff0000	V->A
P0DTD1	2147	2147	#ff0000	G->N
P0DTD1	2148	2148	#ff0000	Q->K
P0DTD1	2149	2149	#ff0000	A->V
P0DTD1	2150	2150	#ff0000	A->V
P0DTD1	2151	2151	#ff0000	I->S
P0DTD1	2154	2154	#ff0000	S->T
P0DTD1	2156	2156	#ff0000	C->I
P0DTD1	2157	2157	#ff0000	A->V
P0DTD1	2158	2158	#ff0000	K->T
P0DTD1	2160	2160	#ff0000	L->C
P0DTD1	2161	2161	#ff0000	A->L
P0DTD1	2162	2162	#ff0000	Q->N
P0DTD1	2165	2165	#ff0000	F->C
P0DTD1	2166	2166	#ff0000	N->T
P0DTD1	2172	2172	#ff0000	V->F
P0DTD1	2177	2177	#ff0000	F->L
P0DTD1	2184	2184	#ff0000	K->R
P0DTD1	2191	2191	#ff0000	R->K
P0DTD1	2194	2194	#ff0000	L->M
P0DTD1	2202	2202	#ff0000	S->T
P0DTD1	2207	2207	#ff0000	A->G
P0DTD1	2209	2209	#ff0000	L->F
P0DTD1	2212	2212	#ff0000	D->E
P0DTD1	2214	2214	#ff0000	G->S
P0DTD1	2215	2215	#ff0000	I->F
P0DTD1	2218	2218	#ff0000	V->L
P0DTD1	2222	2222	#ff0000	K->N
P0DTD1	2227	2227	#ff0000	F->I
P0DTD1	2228	2228	#ff0000	T->N
P0DTD1	2230	2230	#ff0000	A->I
P0DTD1	2231	2231	#ff0000	M->I
P0DTD1	2233	2233	#ff0000	L->F
P0DTD1	2238	2238	#ff0000	I->V
P0DTD1	2245	2245	#ff0000	C->Y
P0DTD1	2246	2246	#ff0000	V->S
P0DTD1	2250	2250	#ff0000	F->L
P0DTD1	2254	2254	#ff0000	L->M
P0DTD1	2257	2257	#ff0000	F->L
P0DTD1	2259	2259	#ff0000	A->M
P0DTD1	2264	2264	#ff0000	N->T
P0DTD1	2266	2266	#ff0000	V->Y
P0DTD1	2269	2269	#ff0000	L->G
P0DTD1	2274	2274	#ff0000	S->T
P0DTD1	2278	2278	#ff0000	T->I
P0DTD1	2279	2279	#ff0000	M->A
P0DTD1	2280	2280	#ff0000	D->T
P0DTD1	2281	2281	#ff0000	F->Y
P0DTD1	2283	2283	#ff0000	E->T
P0DTD1	2286	2286	#ff0000	F->I
P0DTD1	2290	2290	#ff0000	I->V
P0DTD1	2300	2300	#ff0000	S->T
P0DTD1	2303	2303	#ff0000	A->S
P0DTD1	2309	2309	#ff0000	V->I
P0DTD1	2314	2314	#ff0000	Y->F
P0DTD1	2316	2316	#ff0000	L->W
P0DTD1	2320	2320	#ff0000	I->A
P0DTD1	2321	2321	#ff0000	L->F
P0DTD1	2324	2324	#ff0000	A->V
P0DTD1	2328	2328	#ff0000	V->F
P0DTD1	2332	2332	#ff0000	M->I
P0DTD1	2336	2336	#ff0000	K->R
P0DTD1	2340	2340	#ff0000	L->V
P0DTD1	2344	2344	#ff0000	S->A
P0DTD1	2349	2349	#ff0000	V->L
P0DTD1	2352	2352	#ff0000	G->S
P0DTD1	2356	2356	#ff0000	S->V
P0DTD1	2367	2367	#ff0000	F->L
P0DTD1	2370	2370	#ff0000	S->N
P0DTD1	2371	2371	#ff0000	I->L
P0DTD1	2377	2377	#ff0000	V->I
P0DTD1	2393	2393	#ff0000	I->V
P0DTD1	2400	2400	#ff0000	I->V
P0DTD1	2401	2401	#ff0000	M->V
P0DTD1	2405	2405	#ff0000	T->N
P0DTD1	2430	2430	#ff0000	M->V
P0DTD1	2431	2431	#ff0000	K->R
P0DTD1	2442	2442	#ff0000	R->K
P0DTD1	2447	2447	#ff0000	T->L
P0DTD1	2453	2453	#ff0000	L->V
P0DTD1	2460	2460	#ff0000	T->A
P0DTD1	2495	2495	#ff0000	A->T
P0DTD1	2500	2500	#ff0000	A->S
P0DTD1	2501	2501	#ff0000	L->I
P0DTD1	2517	2517	#ff0000	P->S
P0DTD1	2550	2550	#ff0000	D->E
P0DTD1	2553	2553	#ff0000	A->S
P0DTD1	2554	2554	#ff0000	S->A
P0DTD1	2584	2584	#ff0000	T->A
P0DTD1	2587	2587	#ff0000	S->A
P0DTD1	2596	2596	#ff0000	D->N
P0DTD1	2600	2600	#ff0000	A->S
P0DTD1	2603	2603	#ff0000	S->N
P0DTD1	2611	2611	#ff0000	A->T
P0DTD1	2617	2617	#ff0000	H->E
P0DTD1	2618	2618	#ff0000	S->A
P0DTD1	2623	2623	#ff0000	G->N
P0DTD1	2625	2625	#ff0000	A->S
P0DTD1	2628	2628	#ff0000	G->N
P0DTD1	2634	2634	#ff0000	V->I
P0DTD1	2641	2641	#ff0000	V->F
P0DTD1	2644	2644	#ff0000	T->S
P0DTD1	2647	2647	#ff0000	D->E
P0DTD1	2652	2652	#ff0000	I->V
P0DTD1	2660	2660	#ff0000	H->Q
P0DTD1	2663	2663	#ff0000	L->I
P0DTD1	2673	2673	#ff0000	F->Y
P0DTD1	2695	2695	#ff0000	N->S
P0DTD1	2709	2709	#ff0000	V->I
P0DTD1	2710	2710	#ff0000	S->A
P0DTD1	2718	2718	#ff0000	Y->F
P0DTD1	2738	2738	#ff0000	I->L
P0DTD1	2741	2741	#ff0000	R->K
P0DTD1	2754	2754	#ff0000	I->V
P0DTD1	2759	2759	#ff0000	S->A
P0DTD1	2767	2767	#ff0000	S->N
P0DTD1	2768	2768	#ff0000	T->N
P0DTD1	2769	2769	#ff0000	C->W
P0DTD1	2770	2770	#ff0000	F->L
P0DTD1	2772	2772	#ff0000	L->Q
P0DTD1	2773	2773	#ff0000	M->L
P0DTD1	2774	2774	#ff0000	L->I
P0DTD1	2776	2776	#ff0000	A->V
P0DTD1	2779	2779	#ff0000	L->V
P0DTD1	2780	2780	#ff0000	C->F
P0DTD1	2781	2781	#ff0000	V->L
P0DTD1	2782	2782	#ff0000	L->F
P0DTD1	2783	2783	#ff0000	A->V
P0DTD1	2785	2785	#ff0000	L->A
P0DTD1	2786	2786	#ff0000	V->I
P0DTD1	2787	2787	#ff0000	C->F
P0DTD1	2789	2789	#ff0000	I->L
P0DTD1	2790	2790	#ff0000	V->I
P0DTD1	2791	2791	#ff0000	M->T
P0DTD1	2795	2795	#ff0000	T->V
P0DTD1	2796	2796	#ff0000	L->M
P0DTD1	2798	2798	#ff0000	I->K
P0DTD1	2800	2800	#ff0000	D->T
P0DTD1	2801	2801	#ff0000	G->D
P0DTD1	2802	2802	#ff0000	Y->F
P0DTD1	2803	2803	#ff0000	T->S
P0DTD1	2804	2804	#ff0000	N->S
P0DTD1	2813	2813	#ff0000	Q->D
P0DTD1	2814	2814	#ff0000	D->G
P0DTD1	2821	2821	#ff0000	I->A
P0DTD1	2825	2825	#ff0000	D->T
P0DTD1	2833	2833	#ff0000	G->D
P0DTD1	2836	2836	#ff0000	A->T
P0DTD1	2846	2846	#ff0000	K->T
P0DTD1	2850	2850	#ff0000	S->A
P0DTD1	2853	2853	#ff0000	V->L
P0DTD1	2854	2854	#ff0000	V->I
P0DTD1	2857	2857	#ff0000	I->V
P0DTD1	2862	2862	#ff0000	I->V
P0DTD1	2865	2865	#ff0000	I->V
P0DTD1	2873	2873	#ff0000	V->I
P0DTD1	2876	2876	#ff0000	A->T
P0DTD1	2877	2877	#ff0000	I->T
P0DTD1	2906	2906	#ff0000	S->T
P0DTD1	2926	2926	#ff0000	M->S
P0DTD1	2938	2938	#ff0000	L->V
P0DTD1	2943	2943	#ff0000	I->V
P0DTD1	2944	2944	#ff0000	S->A
P0DTD1	2946	2946	#ff0000	S->E
P0DTD1	2947	2947	#ff0000	E->S
P0DTD1	2981	2981	#ff0000	A->S
P0DTD1	2994	2994	#ff0000	V->A
P0DTD1	2996	2996	#ff0000	I->V
P0DTD1	2998	2998	#ff0000	L->V
P0DTD1	3009	3009	#ff0000	E->D
P0DTD1	3010	3010	#ff0000	H->Y
P0DTD1	3013	3013	#ff0000	A->S
P0DTD1	3015	3015	#ff0000	S->P
P0DTD1	3024	3024	#ff0000	M->V
P0DTD1	3027	3027	#ff0000	I->L
P0DTD1	3028	3028	#ff0000	A->T
P0DTD1	3030	3030	#ff0000	I->M
P0DTD1	3035	3035	#ff0000	V->I
P0DTD1	3038	3038	#ff0000	V->I
P0DTD1	3043	3043	#ff0000	V->I
P0DTD1	3047	3047	#ff0000	V->I
P0DTD1	3053	3053	#ff0000	I->V
P0DTD1	3056	3056	#ff0000	L->V
P0DTD1	3060	3060	#ff0000	A->L
P0DTD1	3066	3066	#ff0000	K->R
P0DTD1	3070	3070	#ff0000	V->A
P0DTD1	3075	3075	#ff0000	N->S
P0DTD1	3080	3080	#ff0000	A->F
P0DTD1	3082	3082	#ff0000	A->T
P0DTD1	3091	3091	#ff0000	I->V
P0DTD1	3095	3095	#ff0000	V->T
P0DTD1	3097	3097	#ff0000	A->V
P0DTD1	3108	3108	#ff0000	F->I
P0DTD1	3116	3116	#ff0000	F->L
P0DTD1	3126	3126	#ff0000	L->I
P0DTD1	3129	3129	#ff0000	F->M
P0DTD1	3130	3130	#ff0000	A->V
P0DTD1	3133	3133	#ff0000	S->T
P0DTD1	3135	3135	#ff0000	I->L
P0DTD1	3142	3142	#ff0000	A->I
P0DTD1	3143	3143	#ff0000	I->A
P0DTD1	3145	3145	#ff0000	V->I
P0DTD1	3146	3146	#ff0000	F->I
P0DTD1	3150	3150	#ff0000	L->T
P0DTD1	3153	3153	#ff0000	C->F
P0DTD1	3154	3154	#ff0000	H->Y
P0DTD1	3158	3158	#ff0000	N->S
P0DTD1	3162	3162	#ff0000	R->K
P0DTD1	3163	3163	#ff0000	K->R
P0DTD1	3166	3166	#ff0000	M->V
P0DTD1	3171	3171	#ff0000	T->S
P0DTD1	3196	3196	#ff0000	E->D
P0DTD1	3197	3197	#ff0000	T->V
P0DTD1	3221	3221	#ff0000	L->M
P0DTD1	3246	3246	#ff0000	A->S
P0DTD1	3298	3298	#ff0000	T->V
P0DTD1	3309	3309	#ff0000	A->S
P0DTD1	3328	3328	#ff0000	S->N
P0DTD1	3349	3349	#ff0000	L->V
P0DTD1	3351	3351	#ff0000	R->K
P0DTD1	3357	3357	#ff0000	S->A
P0DTD1	3397	3397	#ff0000	H->F
P0DTD1	3443	3443	#ff0000	K->N
P0DTD1	3465	3465	#ff0000	L->V
P0DTD1	3530	3530	#ff0000	A->S
P0DTD1	3548	3548	#ff0000	T->A
P0DTD1	3549	3549	#ff0000	I->L
P0DTD1	3570	3570	#ff0000	G->S
P0DTD1	3571	3571	#ff0000	K->A
P0DTD1	3572	3572	#ff0000	F->V
P0DTD1	3574	3574	#ff0000	K->R
P0DTD1	3575	3575	#ff0000	I->T
P0DTD1	3576	3576	#ff0000	V->I
P0DTD1	3583	3583	#ff0000	M->L
P0DTD1	3587	3587	#ff0000	F->I
P0DTD1	3593	3593	#ff0000	I->V
P0DTD1	3606	3606	#ff0000	V->L
P0DTD1	3615	3615	#ff0000	T->A
P0DTD1	3616	3616	#ff0000	L->M
P0DTD1	3619	3619	#ff0000	M->I
P0DTD1	3621	3621	#ff0000	I->M
P0DTD1	3622	3622	#ff0000	A->S
P0DTD1	3624	3624	#ff0000	C->F
P0DTD1	3627	3627	#ff0000	L->M
P0DTD1	3628	3628	#ff0000	L->F
P0DTD1	3668	3668	#ff0000	E->D
P0DTD1	3669	3669	#ff0000	L->M
P0DTD1	3670	3670	#ff0000	A->V
P0DTD1	3677	3677	#ff0000	Y->F
P0DTD1	3678	3678	#ff0000	R->K
P0DTD1	3689	3689	#ff0000	L->V
P0DTD1	3704	3704	#ff0000	A->G
P0DTD1	3715	3715	#ff0000	I->L
P0DTD1	3737	3737	#ff0000	V->I
P0DTD1	3751	3751	#ff0000	I->V
P0DTD1	3757	3757	#ff0000	A->G
P0DTD1	3761	3761	#ff0000	V->M
P0DTD1	3766	3766	#ff0000	Y->C
P0DTD1	3768	3768	#ff0000	L->I
P0DTD1	3769	3769	#ff0000	L->F
P0DTD1	3789	3789	#ff0000	C->F
P0DTD1	3791	3791	#ff0000	C->T
P0DTD1	3833	3833	#ff0000	S->N
P0DTD1	3847	3847	#ff0000	I->V
P0DTD1	3929	3929	#ff0000	R->K
P0DTD1	3957	3957	#ff0000	Y->F
P0DTD1	4074	4074	#ff0000	V->I
P0DTD1	4078	4078	#ff0000	G->N
P0DTD1	4087	4087	#ff0000	N->T
P0DTD1	4115	4115	#ff0000	N->S
P0DTD1	4174	4174	#ff0000	N->T
P0DTD1	4175	4175	#ff0000	S->T
P0DTD1	4188	4188	#ff0000	H->L
P0DTD1	4276	4276	#ff0000	P->A
P0DTD1	4366	4366	#ff0000	R->K
P0DTD1	4390	4390	#ff0000	L->M
P0DTD1	4391	4391	#ff0000	M->L
P0DTD1	4397	4397	#ff0000	S->Q
P0DTD1	4398	4398	#ff0000	T->S
P0DTD1	4432	4432	#ff0000	E->D
P0DTD1	4454	4454	#ff0000	E->D
P0DTD1	4455	4455	#ff0000	G->D
P0DTD1	4458	4458	#ff0000	L->I
P0DTD1	4469	4469	#ff0000	M->F
P0DTD1	4482	4482	#ff0000	V->L
P0DTD1	4490	4490	#ff0000	V->K
P0DTD1	4498	4498	#ff0000	V->I
P0DTD1	4577	4577	#ff0000	S->A
P0DTD1	4590	4590	#ff0000	D->N
P0DTD1	4615	4615	#ff0000	V->I
P0DTD1	4617	4617	#ff0000	V->T
P0DTD1	4618	4618	#ff0000	A->T
P0DTD1	4621	4621	#ff0000	C->S
P0DTD1	4625	4625	#ff0000	I->V
P0DTD1	4644	4644	#ff0000	A->T
P0DTD1	4649	4649	#ff0000	M->V
P0DTD1	4651	4651	#ff0000	A->T
P0DTD1	4654	4654	#ff0000	A->T
P0DTD1	4657	4657	#ff0000	L->Y
P0DTD1	4673	4673	#ff0000	C->K
P0DTD1	4691	4691	#ff0000	I->V
P0DTD1	5003	5003	#ff0000	T->N
P0DTD1	5035	5035	#ff0000	N->T
P0DTD1	5039	5039	#ff0000	N->S
P0DTD1	5131	5131	#ff0000	H->T
P0DTD1	5132	5132	#ff0000	E->D
P0DTD1	5135	5135	#ff0000	D->N
P0DTD1	5158	5158	#ff0000	Y->F
P0DTD1	5161	5161	#ff0000	N->T
P0DTD1	5164	5164	#ff0000	A->S
P0DTD1	5176	5176	#ff0000	A->S
P0DTD1	5894	5894	#ff0000	I->V
P0DTD1	5939	5939	#ff0000	I->V
P0DTD1	5956	5956	#ff0000	I->T
P0DTD1	6024	6024	#ff0000	D->E
P0DTD1	6053	6053	#ff0000	E->P
P0DTD1	6057	6057	#ff0000	E->D
P0DTD1	6059	6059	#ff0000	T->S
P0DTD1	6062	6062	#ff0000	N->S
P0DTD1	6101	6101	#ff0000	G->N
P0DTD1	6137	6137	#ff0000	K->R
P0DTD1	6145	6145	#ff0000	S->A
P0DTD1	6153	6153	#ff0000	N->H
P0DTD1	6156	6156	#ff0000	V->I
P0DTD1	6184	6184	#ff0000	Q->L
P0DTD1	6185	6185	#ff0000	H->Y
P0DTD1	6218	6218	#ff0000	S->T
P0DTD1	6219	6219	#ff0000	V->I
P0DTD1	6229	6229	#ff0000	R->K
P0DTD1	6230	6230	#ff0000	V->I
P0DTD1	6232	6232	#ff0000	S->A
P0DTD1	6244	6244	#ff0000	S->A
P0DTD1	6270	6270	#ff0000	E->D
P0DTD1	6299	6299	#ff0000	H->S
P0DTD1	6321	6321	#ff0000	A->S
P0DTD1	6362	6362	#ff0000	T->V
P0DTD1	6418	6418	#ff0000	Q->L
P0DTD1	6435	6435	#ff0000	I->V
P0DTD1	6459	6459	#ff0000	Y->F
P0DTD1	6470	6470	#ff0000	H->Q
P0DTD1	6471	6471	#ff0000	A->Q
P0DTD1	6474	6474	#ff0000	A->V
P0DTD1	6482	6482	#ff0000	A->T
P0DTD1	6490	6490	#ff0000	I->V
P0DTD1	6494	6494	#ff0000	I->L
P0DTD1	6521	6521	#ff0000	I->V
P0DTD1	6543	6543	#ff0000	E->D
P0DTD1	6548	6548	#ff0000	V->I
P0DTD1	6555	6555	#ff0000	T->S
P0DTD1	6566	6566	#ff0000	S->T
P0DTD1	6567	6567	#ff0000	A->I
P0DTD1	6569	6569	#ff0000	S->A
P0DTD1	6570	6570	#ff0000	S->P
P0DTD1	6574	6574	#ff0000	L->F
P0DTD1	6580	6580	#ff0000	E->D
P0DTD1	6604	6604	#ff0000	T->Q
P0DTD1	6607	6607	#ff0000	K->V
P0DTD1	6610	6610	#ff0000	A->K
P0DTD1	6614	6614	#ff0000	V->L
P0DTD1	6623	6623	#ff0000	S->A
P0DTD1	6631	6631	#ff0000	F->Y
P0DTD1	6637	6637	#ff0000	I->V
P0DTD1	6638	6638	#ff0000	I->V
P0DTD1	6651	6651	#ff0000	D->N
P0DTD1	6653	6653	#ff0000	E->Q
P0DTD1	6654	6654	#ff0000	D->E
P0DTD1	6663	6663	#ff0000	T->I
P0DTD1	6675	6675	#ff0000	Q->E
P0DTD1	6695	6695	#ff0000	G->S
P0DTD1	6703	6703	#ff0000	M->L
P0DTD1	6710	6710	#ff0000	S->F
P0DTD1	6711	6711	#ff0000	Q->K
P0DTD1	6712	6712	#ff0000	D->E
P0DTD1	6715	6715	#ff0000	L->F
P0DTD1	6716	6716	#ff0000	K->E
P0DTD1	6766	6766	#ff0000	I->V
P0DTD1	6777	6777	#ff0000	A->T
P0DTD1	6799	6799	#ff0000	A->S
P0DTD1	6830	6830	#ff0000	E->D
P0DTD1	6831	6831	#ff0000	N->S
P0DTD1	6833	6833	#ff0000	V->T
P0DTD1	6834	6834	#ff0000	I->L
P0DTD1	6933	6933	#ff0000	R->K
P0DTD1	6936	6936	#ff0000	H->N
P0DTD1	6951	6951	#ff0000	L->I
P0DTD1	6956	6956	#ff0000	K->Q
P0DTD1	6965	6965	#ff0000	I->V
P0DTD1	6967	6967	#ff0000	V->I
P0DTD1	6986	6986	#ff0000	S->A
P0DTD1	7007	7007	#ff0000	A->C
P0DTD1	7014	7014	#ff0000	K->R
P0DTD1	7021	7021	#ff0000	T->V
P0DTD1	7063	7063	#ff0000	N->G
P0DTD1	7070	7070	#ff0000	Y->L
P0DTD1	7074	7074	#ff0000	E->S
P0DTD1	7088	7088	#ff0000	V->I
P0DTD1	7092	7092	#ff0000	I->V
P0DTD1	4943	4943	#0000ff	Nucleotide binding site
P0DTD1	4945	4945	#0000ff	Nucleotide binding site
P0DTD1	4948	4948	#0000ff	Nucleotide binding site
P0DTD1	4949	4949	#0000ff	Nucleotide binding site
P0DTD1	5010	5010	#0000ff	Nucleotide binding site
P0DTD1	5013	5013	#0000ff	Nucleotide binding site
P0DTD1	5014	5014	#0000ff	Nucleotide binding site
P0DTD1	5015	5015	#0000ff	Nucleotide binding site
P0DTD1	5074	5074	#0000ff	Nucleotide binding site
P0DTD1	5152	5152	#0000ff	Nucleotide binding site
P0DTD1	5190	5190	#0000ff	Nucleotide binding site