residue_numbers,uniprot_annotation,enm_fluctuations,perturbation_effectiveness,perturbation_sensitivity,mechanical_stiffness,relative_solvent_accessibility
2,3861,0.19,0.28,3.39,0.89,0.9
3,3862,0.09,0.58,1.68,0.84,0.29
4,3863,0.14,0.33,2.47,0.79,0.83
5,3864,0.16,0.32,2.82,0.85,0.31
6,3865,0.06,1.33,0.99,0.84,0.04
7,3866,0.04,1.45,0.68,0.77,0.24
8,3867,0.09,0.59,1.38,0.82,0.56
9,3868,0.06,1.37,0.94,0.84,0.47
10,3869,0.02,3.93,0.29,0.83,0.0
11,3870,0.04,1.28,0.56,0.81,0.41
12,3871,0.05,1.22,0.72,0.81,0.52
13,3872,0.03,2.67,0.37,0.75,0.08
14,3873,0.02,3.08,0.25,0.83,0.09
15,3874,0.04,1.5,0.5,0.8,0.58
16,3875,0.03,1.74,0.47,0.74,0.35
17,3876,0.02,4.38,0.26,0.79,0.0
18,3877,0.02,2.49,0.33,0.82,0.37
19,3878,0.04,1.35,0.53,0.81,0.68
20,3879,0.03,3.17,0.33,0.78,0.37
21,3880,0.03,2.5,0.41,0.79,0.52
22,3881,0.01,6.05,0.2,0.78,0.03
23,3882,0.03,1.61,0.35,0.81,0.46
24,3883,0.05,0.67,0.7,0.78,0.91
25,3884,0.03,1.01,0.42,0.8,0.49
26,3885,0.16,0.1,1.4,0.93,0.9
27,3886,0.08,0.32,0.84,0.91,0.78
28,3887,0.02,3.67,0.19,0.8,0.21
29,3888,0.01,5.34,0.16,0.82,0.25
30,3889,0.03,2.07,0.34,0.82,0.5
31,3890,0.02,2.97,0.3,0.8,0.57
32,3891,0.01,4.74,0.12,0.82,0.01
33,3892,0.01,5.97,0.18,0.81,0.27
34,3893,0.03,1.63,0.47,0.81,0.53
35,3894,0.02,2.41,0.23,0.82,0.19
36,3895,0.01,5.23,0.11,0.83,0.13
37,3896,0.04,1.32,0.52,0.83,0.52
38,3897,0.04,0.98,0.63,0.84,0.37
39,3898,0.01,5.49,0.16,0.84,0.0
40,3899,0.04,1.34,0.6,0.82,0.34
41,3900,0.09,0.58,1.38,0.84,0.77
42,3901,0.05,1.66,0.72,0.86,0.1
43,3902,0.09,0.73,1.48,0.88,0.87
44,3903,0.07,0.54,0.99,0.88,0.5
45,3904,0.07,0.6,0.98,0.89,0.39
46,3905,0.11,0.29,1.41,0.88,0.53
47,3906,0.06,0.47,0.76,0.88,0.46
48,3907,0.02,2.17,0.25,0.86,0.0
49,3908,0.06,1.02,0.8,0.87,0.42
50,3909,0.06,0.58,0.96,0.86,0.54
51,3910,0.02,1.73,0.3,0.84,0.25
52,3911,0.02,3.06,0.37,0.84,0.13
53,3912,0.06,1.02,0.93,0.85,0.59
54,3913,0.03,1.59,0.53,0.82,0.48
55,3914,0.02,3.81,0.25,0.81,0.0
56,3915,0.03,2.86,0.49,0.77,0.41
57,3916,0.04,1.81,0.59,0.8,0.44
58,3917,0.02,3.28,0.32,0.79,0.15
59,3918,0.04,2.53,0.47,0.75,0.15
60,3919,0.06,1.15,0.57,0.75,0.61
61,3920,0.04,1.6,0.44,0.77,0.77
62,3921,0.04,1.83,0.4,0.76,0.32
63,3922,0.08,0.66,1.05,0.71,0.96
64,3923,0.14,0.36,1.96,0.67,1.0
65,3924,0.07,0.6,0.88,0.68,0.19
66,3925,0.1,0.39,1.23,0.65,0.55
67,3926,0.17,0.23,2.43,0.63,0.57
68,3927,0.2,0.2,2.57,0.68,0.71
69,3928,1.81,0.02,15.07,0.7,0.99
70,3929,2.86,0.02,28.32,0.58,0.92
71,3930,3.43,0.01,29.66,0.53,0.97
