ResidueNumber,ResidueName,SolventAcessibleArea,RelativeAccessibleArea
0,SER,157.0,1.3652173913043477
1,GLY,48.0,0.64
2,PHE,22.0,0.10476190476190476
3,ARG,193.0,0.8577777777777778
4,LYS,84.0,0.42
5,MET,105.0,0.5675675675675675
6,ALA,29.0,0.25217391304347825
7,PHE,19.0,0.09047619047619047
8,PRO,107.0,0.7379310344827587
9,SER,18.0,0.1565217391304348
10,GLY,47.0,0.6266666666666667
11,LYS,88.0,0.44
12,VAL,0.0,0.0
13,GLU,90.0,0.47368421052631576
14,GLY,17.0,0.22666666666666666
15,CYS,0.0,0.0
16,MET,12.0,0.06486486486486487
17,VAL,2.0,0.012903225806451613
18,GLN,36.0,0.2
19,VAL,0.0,0.0
20,THR,21.0,0.15
21,CYS,3.0,0.022222222222222223
22,GLY,57.0,0.76
23,THR,134.0,0.9571428571428572
24,THR,35.0,0.25
25,THR,44.0,0.3142857142857143
26,LEU,3.0,0.01764705882352941
27,ASN,0.0,0.0
28,GLY,0.0,0.0
29,LEU,0.0,0.0
30,TRP,19.0,0.07450980392156863
31,LEU,0.0,0.0
32,ASP,69.0,0.46
33,ASP,57.0,0.38
34,VAL,27.0,0.17419354838709677
35,VAL,0.0,0.0
36,TYR,18.0,0.0782608695652174
37,CYS,0.0,0.0
38,PRO,0.0,0.0
39,ARG,44.0,0.19555555555555557
40,HIS,22.0,0.11282051282051282
41,VAL,0.0,0.0
42,ILE,6.0,0.03428571428571429
43,CYS,4.0,0.02962962962962963
44,THR,43.0,0.30714285714285716
45,SER,91.0,0.7913043478260869
46,GLU,134.0,0.7052631578947368
47,ASP,47.0,0.31333333333333335
48,MET,31.0,0.16756756756756758
49,LEU,100.0,0.5882352941176471
50,ASN,112.0,0.7
51,PRO,20.0,0.13793103448275862
52,ASN,90.0,0.5625
53,TYR,12.0,0.05217391304347826
54,GLU,113.0,0.5947368421052631
55,ASP,92.0,0.6133333333333333
56,LEU,35.0,0.20588235294117646
57,LEU,13.0,0.07647058823529412
58,ILE,105.0,0.6
59,ARG,190.0,0.8444444444444444
60,LYS,51.0,0.255
61,SER,56.0,0.48695652173913045
62,ASN,51.0,0.31875
63,HIS,142.0,0.7282051282051282
64,ASN,55.0,0.34375
65,PHE,4.0,0.01904761904761905
66,LEU,79.0,0.4647058823529412
67,VAL,0.0,0.0
68,GLN,54.0,0.3
69,ALA,19.0,0.16521739130434782
70,GLY,62.0,0.8266666666666667
71,ASN,155.0,0.96875
72,VAL,99.0,0.6387096774193548
73,GLN,99.0,0.55
74,LEU,21.0,0.12352941176470589
75,ARG,175.0,0.7777777777777778
76,VAL,17.0,0.10967741935483871
77,ILE,79.0,0.4514285714285714
78,GLY,19.0,0.25333333333333335
79,HIS,63.0,0.3230769230769231
80,SER,54.0,0.46956521739130436
81,MET,41.0,0.22162162162162163
82,GLN,63.0,0.35
83,ASN,79.0,0.49375
84,CYS,15.0,0.1111111111111111
85,VAL,0.0,0.0
86,LEU,0.0,0.0
87,LYS,60.0,0.3
88,LEU,0.0,0.0
89,LYS,101.0,0.505
90,VAL,0.0,0.0
91,ASP,82.0,0.5466666666666666
92,THR,64.0,0.45714285714285713
93,ALA,56.0,0.48695652173913045
94,ASN,6.0,0.0375
95,PRO,110.0,0.7586206896551724
96,LYS,146.0,0.73
97,THR,33.0,0.2357142857142857
98,PRO,16.0,0.1103448275862069
99,LYS,131.0,0.655
100,TYR,65.0,0.2826086956521739
101,LYS,126.0,0.63
102,PHE,54.0,0.2571428571428571
103,VAL,49.0,0.3161290322580645
104,ARG,111.0,0.49333333333333335
105,ILE,18.0,0.10285714285714286
106,GLN,125.0,0.6944444444444444
107,PRO,44.0,0.30344827586206896
108,GLY,4.0,0.05333333333333334
109,GLN,73.0,0.40555555555555556
110,THR,1.0,0.007142857142857143
111,PHE,0.0,0.0
112,SER,0.0,0.0
113,VAL,0.0,0.0
114,LEU,3.0,0.01764705882352941
115,ALA,6.0,0.05217391304347826
116,CYS,0.0,0.0
117,TYR,48.0,0.20869565217391303
118,ASN,93.0,0.58125
119,GLY,11.0,0.14666666666666667
120,SER,72.0,0.6260869565217392
121,PRO,54.0,0.3724137931034483
122,SER,77.0,0.6695652173913044
123,GLY,31.0,0.41333333333333333
124,VAL,60.0,0.3870967741935484
125,TYR,53.0,0.23043478260869565
126,GLN,18.0,0.1
127,CYS,0.0,0.0
128,ALA,0.0,0.0
129,MET,0.0,0.0
130,ARG,6.0,0.02666666666666667
131,PRO,22.0,0.15172413793103448
132,ASN,18.0,0.1125
133,PHE,62.0,0.29523809523809524
134,THR,1.0,0.007142857142857143
135,ILE,1.0,0.005714285714285714
136,LYS,104.0,0.52
137,GLY,25.0,0.3333333333333333
138,SER,77.0,0.6695652173913044
139,PHE,13.0,0.06190476190476191
140,LEU,126.0,0.7411764705882353
141,ASN,169.0,1.05625
142,GLY,25.0,0.3333333333333333
143,SER,2.0,0.017391304347826087
144,CYS,25.0,0.18518518518518517
145,GLY,0.0,0.0
146,SER,0.0,0.0
147,VAL,0.0,0.0
148,GLY,0.0,0.0
149,PHE,0.0,0.0
150,ASN,32.0,0.2
151,ILE,21.0,0.12
152,ASP,124.0,0.8266666666666667
153,TYR,167.0,0.7260869565217392
154,ASP,43.0,0.2866666666666667
155,CYS,18.0,0.13333333333333333
156,VAL,0.0,0.0
157,SER,23.0,0.2
158,PHE,0.0,0.0
159,CYS,0.0,0.0
160,TYR,1.0,0.004347826086956522
161,MET,0.0,0.0
162,HIS,5.0,0.02564102564102564
163,HIS,5.0,0.02564102564102564
164,MET,21.0,0.11351351351351352
165,GLU,114.0,0.6
166,LEU,3.0,0.01764705882352941
167,PRO,116.0,0.8
168,THR,103.0,0.7357142857142858
169,GLY,34.0,0.4533333333333333
170,VAL,23.0,0.14838709677419354
171,HIS,5.0,0.02564102564102564
172,ALA,1.0,0.008695652173913044
173,GLY,0.0,0.0
174,THR,0.0,0.0
175,ASP,2.0,0.013333333333333334
176,LEU,1.0,0.0058823529411764705
177,GLU,89.0,0.46842105263157896
178,GLY,0.0,0.0
179,ASN,56.0,0.35
180,PHE,20.0,0.09523809523809523
181,TYR,0.0,0.0
182,GLY,24.0,0.32
183,PRO,104.0,0.7172413793103448
184,PHE,10.0,0.047619047619047616
185,VAL,72.0,0.4645161290322581
186,ASP,5.0,0.03333333333333333
187,ARG,95.0,0.4222222222222222
188,GLN,143.0,0.7944444444444444
189,THR,63.0,0.45
190,ALA,97.0,0.8434782608695652
191,GLN,28.0,0.15555555555555556
192,ALA,87.0,0.7565217391304347
193,ALA,35.0,0.30434782608695654
194,GLY,54.0,0.72
195,THR,92.0,0.6571428571428571
196,ASP,50.0,0.3333333333333333
197,THR,16.0,0.11428571428571428
198,THR,33.0,0.2357142857142857
199,ILE,8.0,0.045714285714285714
200,THR,2.0,0.014285714285714285
201,VAL,14.0,0.09032258064516129
202,ASN,2.0,0.0125
203,VAL,0.0,0.0
204,LEU,0.0,0.0
205,ALA,0.0,0.0
206,TRP,4.0,0.01568627450980392
207,LEU,0.0,0.0
208,TYR,0.0,0.0
209,ALA,0.0,0.0
210,ALA,0.0,0.0
211,VAL,23.0,0.14838709677419354
212,ILE,54.0,0.30857142857142855
213,ASN,29.0,0.18125
214,GLY,44.0,0.5866666666666667
215,ASP,51.0,0.34
216,ARG,171.0,0.76
217,TRP,90.0,0.35294117647058826
218,PHE,9.0,0.04285714285714286
219,LEU,59.0,0.34705882352941175
220,ASN,45.0,0.28125
221,ARG,241.0,1.0711111111111111
222,PHE,105.0,0.5
223,THR,80.0,0.5714285714285714
224,THR,13.0,0.09285714285714286
225,THR,78.0,0.5571428571428572
226,LEU,34.0,0.2
227,ASN,130.0,0.8125
228,ASP,57.0,0.38
229,PHE,0.0,0.0
230,ASN,33.0,0.20625
231,LEU,124.0,0.7294117647058823
232,VAL,12.0,0.07741935483870968
233,ALA,0.0,0.0
234,MET,146.0,0.7891891891891892
235,LYS,147.0,0.735
236,TYR,74.0,0.3217391304347826
237,ASN,95.0,0.59375
238,TYR,21.0,0.09130434782608696
239,GLU,70.0,0.3684210526315789
240,PRO,81.0,0.5586206896551724
241,LEU,3.0,0.01764705882352941
242,THR,60.0,0.42857142857142855
243,GLN,104.0,0.5777777777777777
244,ASP,115.0,0.7666666666666667
245,HIS,50.0,0.2564102564102564
246,VAL,21.0,0.13548387096774195
247,ASP,96.0,0.64
248,ILE,67.0,0.38285714285714284
249,LEU,0.0,0.0
250,GLY,31.0,0.41333333333333333
251,PRO,82.0,0.5655172413793104
252,LEU,1.0,0.0058823529411764705
253,SER,25.0,0.21739130434782608
254,ALA,80.0,0.6956521739130435
255,GLN,123.0,0.6833333333333333
256,THR,33.0,0.2357142857142857
257,GLY,67.0,0.8933333333333333
258,ILE,26.0,0.14857142857142858
259,ALA,45.0,0.391304347826087
260,VAL,10.0,0.06451612903225806
261,LEU,57.0,0.3352941176470588
262,ASP,66.0,0.44
263,MET,0.0,0.0
264,CYS,0.0,0.0
265,ALA,2.0,0.017391304347826087
266,SER,4.0,0.034782608695652174
267,LEU,0.0,0.0
268,LYS,36.0,0.18
269,GLU,44.0,0.23157894736842105
270,LEU,11.0,0.06470588235294118
271,LEU,21.0,0.12352941176470589
272,GLN,81.0,0.45
273,ASN,98.0,0.6125
274,GLY,34.0,0.4533333333333333
275,MET,24.0,0.12972972972972974
276,ASN,117.0,0.73125
277,GLY,81.0,1.08
278,ARG,111.0,0.49333333333333335
279,THR,72.0,0.5142857142857142
280,ILE,0.0,0.0
281,LEU,41.0,0.2411764705882353
282,GLY,74.0,0.9866666666666667
283,SER,15.0,0.13043478260869565
284,ALA,73.0,0.6347826086956522
285,LEU,109.0,0.6411764705882353
286,LEU,26.0,0.15294117647058825
287,GLU,45.0,0.23684210526315788
288,ASP,18.0,0.12
289,GLU,25.0,0.13157894736842105
290,PHE,12.0,0.05714285714285714
291,THR,2.0,0.014285714285714285
292,PRO,8.0,0.05517241379310345
293,PHE,124.0,0.5904761904761905
294,ASP,9.0,0.06
295,VAL,0.0,0.0
296,VAL,59.0,0.38064516129032255
297,ARG,74.0,0.3288888888888889
298,GLN,40.0,0.2222222222222222
299,CYS,50.0,0.37037037037037035
300,SER,82.0,0.7130434782608696
301,GLY,50.0,0.6666666666666666
302,VAL,90.0,0.5806451612903226
303,THR,149.0,1.0642857142857143
